date,review,rating,title
2026-05-07,It’s a 2 star review because you have to pay for premium or your songs shuffle on your Spotify,2,It’s a 2 star review because you have to pay for premium or your songs shuffle on your Spotify
2026-05-07,THEY KEEP RAISING THE PRICE OF SPOTIFY PREMIUM WITHOUT ADDING ANYTHING THAT ACTUALLY MAKES THE APP BETTER,2,Bro stop
2026-05-07,Honestly just a simple good app,5,Good
2026-05-07,Spotify is so good,5,Spotify amazing
2026-05-07,I put 4 stars because you have to pay to turn off shuffle.,4,4/5
2026-05-07,"Great music app! I’ve yet to not be able to find a song I like. Which is amazing being that my favorite genres are 60’,  70’s and early 80’s  Hip Hop.",5,Phenomenal
2026-05-07,the best app i’ve ever downloaded there is barely adds and almost no subscription adds that pop up everywhere,5,best ever
2026-05-07,Simply the best of the best,5,Cool songs
2026-05-07,Js Peak🥹🥹🥹🥹👏👏👏,5,Ts js peak 🥹✌️
2026-05-07,Best music app… SO GOOD!!!,5,…
2026-05-07,ANYTHING FOR BARCA VISCA BARCA!!!!!!!,5,Amazing
2026-05-07,Heck	uiyhewquiywqhqwdiuhd,5,Jjhadechicdaeuadg
2026-05-07,I’m glad I’m not an APPLE MUSIC USER. Proud Spotify user Spotify sponsor me pls,5,Wow
2026-05-07,uf,5,10/10
2026-05-07,To many adds every 30 minutes,1,Adds
2026-05-07,Its the best.,5,The best
2026-05-07,To much ads,1,Ads
2026-05-07,Good app,5,Good app
2026-05-07,on phone ts just plain stupid…,1,Paying just to play any song we want w/o shuffling
2026-05-07,The music I want when I want,5,Spotify
2026-05-07,I have been using Spotify for a couple of months now without the premium and it’s making me buy premium to hear the musics I want to hear Wich is crazy!,1,:(
2026-05-07,"Always good to have Spotify! Anytime, Anywhere, Anyone",5,Jordan’s Spotify Review
2026-05-07,"Unlimited songs, amazing quality! My only hope is that the price for no adds gets cheaper. It’s annoying having to pay for no adds. When you have adds you get 3 songs and than 3 adds! Over all I love and listen to more songs since I downloaded it!",5,Amazing app!
2026-05-07,I just love this app bc like it’s like just such a loving and caring app so like yeah,5,Opinion
2026-05-07,I love your app,5,Gabbyyy
2026-05-07,The adds suck,3,I hate it
2026-05-07,I’ve been using Spotify for years. It’s never once failed me. I love it!,5,Amazing
2026-05-07,To many ads,3,Ads
2026-05-07,Better than the others 👏,5,👍🏼
2026-05-07,Best app ever!!!!!!!!!!!!!!!!!!,5,Spotify
2026-05-07,beautiful,5,beautiful
2026-05-07,exelente aplicación,5,bueno
2026-05-07,I LVOE spotify so much SZA FOREVER,5,BAUTIFUL
2026-05-07,why the hell do we have to pay to listen to **** music like OMG are you fr rn to listen if it just went on a different song but you could switch back thats fine but we cant even listen to the music we want…???? that so dumb,2,i hate it
2026-05-07,Not really interested in all this. Just wanted to support the IDF,1,Music on my genocide app?
2026-05-07,GIVE ME BACK MY UNLIMITED SKIPS NOW,1,Bad bad
2026-05-07,why are there so many ads but it’s still peak,5,:)
2026-05-07,La mejor App de música y sin internet los duro y fidelidad en el audio,5,Excelente app
2026-05-07,"Why is Spotify music not working? I cannot hear it. I’m trying to look for. I love you, but it won’t show me the right song.",1,Spotify music is not working
2026-05-07,I love you Spotify music,5,I love you Spotify
2026-05-07,I freaking love this app for music as they recommend you many underground bands related to your music taste and has helped me find so many bands love you Spotify,5,Mechanics are great
2026-05-07,BEST THING EVERRR!!!,5,LOVE IT!!!
2026-05-07,This app is too slow to loading up and I think it needs some more work or upgrades.,1,Slow loading
2026-05-07,Fascinante. La mejor emisora para mi.,5,Me encanta.
2026-05-07,My fav app out of all my other apps I have brings me so much happiness and comfort,5,Love it
2026-05-07,Bom é top,5,Bom e top de mais
2026-05-07,Spotify is easy to use and has many forms of music that I have learned and loved. There is many opportunities in Spotify and I love using it.,5,Spotify Review
2026-05-07,Midnight sun is the best song,5,It has the best song
2026-05-07,Me siento estafada,1,Pago y me ponen publicidad
2026-05-07,Spotify is a great app for music and it has great features with going past the time of the song for the great and amazing parts!,5,I love Spotify
2026-05-07,Best app ever u don’t even gotta pay for you to listen to music,5,Good
2026-05-07,Es una aplicación muy buena y fácil de usar te ayuda a tranquilizar y a calmarte cuando estés triste,5,Spoty ft
2026-05-07,I like Spotify. But hate never owning physical copies of music again,5,As good as a binders full of unscathed cds or better
2026-05-07,All the music I could listen to,5,Love the app ❤️
2026-05-07,"I really love having my cds but new cars don’t do cd players anymore, old fogey trying this out to see if I can create my ultimate playlist!",5,Trying this out
2026-05-07,When I search their is a big search pic I can’t type,1,Nope
2026-05-07,Awesomesauce,5,Awesomesauce
2026-05-07,It is a great music website with all my favorite music,5,Hello
2026-05-07,"Please, please please update how you shuffle the liked songs, it’s the same songs over and over again",2,Shuffle
2026-05-07,Please change the way it shuffles in playlists. In a playlist with almost 2000 songs and 100+ hours of music I should not hear the same song in a day,3,Shuffle
2026-05-07,Commercials so loud can’t even hear the music after,1,Commercials loud music quiet
2026-05-07,It’s pretty good,4,Best music app
2026-05-07,5💫,5,DRISCO EXCELLENCE
2026-05-07,"Been using this app for 8 years, why only now can I not use it when it’s not the latest version? Seems really sketch, I hate that",3,Why must I update?
2026-05-07,"I think the app is trash because the music continues to repeat. Even on shuffle this app to play the same thing over and over again. Prices have gone up and or what, to support the war and implement AI rather than pay your artist more. I plan on selling this app as soon as possible and switching to another service.",1,Support
2026-05-07,"I use this app in my everyday life, even to just communicate with my friends! The large selection of music that this app has is just incredible. Hope to forever keep this near.",5,Best thing ever
2026-05-07,Idk I’ve had it for like a year bc I got a new phone but before that I have used it for like two three years it’s rlly god👍,5,Fav app
2026-05-07,"Music selection is really good, but I keep getting randomly connected to the music at odd times and it now immediately connects me to music as soon as I get in my vehicle. It’s extremely annoying .",3,Random connection
2026-05-07,i love listening to songs that are not on apple music🥹,5,legendary
2026-05-07,If only premium features were free. Now THAT would be 5 stars.,4,Good
2026-05-07,One of the best,5,Leo
2026-05-07,I like the content but the price is getting expensive. $18.99 is way more then what I pay for any of my other services.,5,Good content
2026-05-07,I love it because it’s there’s so many options and stuff,5,I just Love the songs
2026-05-07,music good,5,👍
2026-05-07,"I know corporate doesnt care about this kind of stuff because its what’s paying their bills, but I wish the monthly payment for premium didn’t cost so much/increase. It’s just music but that really goes for all music apps",3,It does its job
2026-05-07,"I love Spotify because it is just a great app. Every morning I wake up and listen to my DJ, then at night go to bed listening to my liked songs. I just love how I have so many options for music, for example, I can listen old school reggaeton. (which I love) or listen to new pop vibes. I also love listening to the sad girl playlist for sad music. This is why I love Spotify and gave it a 5 star rating. So, in conclusion, I love Spotify because in whatever mood I am in or what feeling I am feeling, I can listen to Spotify and that will make me so happy and bring my mood up 100 percent!",5,Why I love Spotify
2026-05-07,It is great besides one bug where it crashes on whenever i play a certain artist,5,Its pretty good
2026-05-07,music is the greatest thing ever and michael jackson deserves #1 most streamed forever,5,music
2026-05-07,Constantly have to re add songs that I already added to my playlists and library,3,Constantly Re adding songs
2026-05-07,"I love Spotify and I’ve been listening for years. I HIGHLY recommend going premium, especially with how often I listen to music. My only complaint? I sometimes (rarely) can’t find a song because it’s not in Spotifys expansive library. But those are songs I can’t find anywhere else either.",5,Best music app out there!
2026-05-07,Easy to use.,5,More Good Music .
2026-05-07,It is pricey when you add the Audiobooks,4,Love it
2026-05-07,This app has all my favorites ❤️,5,All the songs
2026-05-07,if you don’t plan on buying premium then don’t expect greatness.. They treat you like dirt if you don’t,3,Good but very annoying
2026-05-07,I really love this app it’s the best app to listen to music to!,5,The best
2026-05-07,Spotify is the best and better than any other music platform in my opinion,5,THE BEST
2026-05-07,"This app is too worst apps to choose for music listening. Ads are shoved down your throat its unbelievable. Just to subscribe to their premium plan it send you to safari. Not acceptable i should be able to subcribe within app , dont use this. If i could give this negative stars i would.",1,Ad Central
2026-05-07,"app sucks cant even pick the music you listen to, and if youre on macbook u can play one song you want then its a shuffle, app sucks unless you pay for premium, and at that point you might as well buy apple music for the same price if not cheaper. total scam no point",1,bad
2026-05-07,Just get rid of ads and we are all good,5,Ads hate
2026-05-07,Spotify my life,5,W Spotify
2026-05-07,More unreleased song should be added,5,Unreleased
2026-05-07,i can listen to music on this,5,.
2026-05-07,La mejor.,5,Good app
2026-05-07,😛,5,I just love music
2026-05-07,Muy buena,5,Excelente
2026-05-07,"Adds every 10-15 mins even when it says 30mins of free listening, and they constantly do pop ups.",1,Greedy ahh app
2026-05-07,There are a little bit of adds but i love that I can listen to my favorite songs for absolutely free! I would recommend this app for listening to music if you want to for free!,5,It’s so good!
2026-05-07,I’m a simple guy i only need two wildly basic things to work properly and I’m happy. I need a list of new podcasts that is easy to access and for the podcasts to load and start without lagging. Every single update to the app makes new podcasts a bigger pain to find and makes everything lag even worse. Move the “what’s new” section back to where it was and stop with whatever your doing that makes a simple app crash out more with every passing update. It’s gone from a joy to use to insanely frustrating in a never ended progression of pointless changes for the sake of changes.,1,App keeps getting worse
2026-05-07,Yes,5,Yes
2026-05-07,O kada memnünüm ki anlatamam ama şu beni çok üzüyor İsrail’e sponsorlu olması beni üzüyor,5,En sevdiğim müzik uygulaması
2026-05-07,Banging App,5,Banging
2026-05-07,"This is most likely my favorite app, not just on my phone, but my other devices. I love the offline option, the reliability and the quality. Thank you Spotify.",5,My Favorite App
2026-05-07,Scam,1,Bring back old so there not so many adds
2026-05-07,"Spotify has good quality, and I love using it, but there’s just too much ads, for every one song I listen to, I’ll get 3-5 ads, but other than that, no complaints",4,"Good, but too much ads"
2026-05-07,I just want to listen to an album but I get artists I never heard of,2,Playlist
2026-05-07,"It started saying that I’m offline but I still had 3 bars and it would only let me pick one song and play another song after the first one ended but it wouldn’t let me pick a different song to play. I had to swipe it out of the other apps that I already had open in the background and then I would press on it to go back into the app and it would be the same thing, but if I pressed and held my finger down on the app from the home screen and it would show three different song tracks that I listen to and I would click on Mat Kearney to listen to his new song and it would let me press on the song to play it, but while it was still playing or when the song was over, I would look for other songs of his to click on to listen to but it wouldn’t let me! I didn’t only have 3 bars but I was still on my home WiFi and it kept doing that all day for 3 days straight! Now I’m in Wisconsin at my aunt and uncle’s house and it’s playing music just fine and I can click on any song I want. It’s never happened to me before! I want to keep this app on my phone but I’m not going to unless you update it or upgrade it so that doesn’t ever happen again!",4,Two or three days ago it started saying that I’m offline
2026-05-07,Good,5,Good
2026-05-07,"Love it
The best",5,Great
2026-05-07,I LOVE SPOTIFY,5,Most used app of mine
2026-05-07,"Severely underpays artists, constantly trying to shove AI down everyone’s throats, playlist maker is horrible to try to use, song suggestions are never to my preference",1,Bad
2026-05-07,Love making Playlists!,5,Better than my Record Collection
2026-05-07,all I have to say is this app is one of the few times it’s worth every penny,5,Honestly
2026-05-07,Mejor que Apple Music,5,Mi música
2026-05-07,"⭐️⭐️⭐️⭐️⭐️

Spotify continues to be my favorite music app. The music selection is absolutely incredible, with endless playlists, artists, podcasts, and genres for every mood and moment. The sound quality is excellent, the app is easy to use, and I love how personalized the recommendations are. Whether I need relaxing music, workout energy, meditation sounds, or my favorite classics, Spotify always delivers. Thank you for creating such an enjoyable music experience every single",5,Excellent music experience
2026-05-07,I’m so sick of shuffle not working properly. I have to close the app and re-press the button otherwise it will just shuffle the same stuff for days. If I wasn’t on a family plan I would’ve switched to Apple Music by now.,3,Shuffle
2026-05-07,My #1 place to go listen to my fav music :),5,Loving Spotify
2026-05-07,One of my fav apps,5,Good app
2026-05-07,"Too many commercials.
I understand we don’t pay for premium but really give us a break.",1,Too many…
2026-05-07,Got good music,5,Goo
2026-05-07,Double ads every 4 songs and adds random song that is not even in the playlist if you don’t have premium 🥀💔,3,Greedy ahh app
2026-05-07,Spotify is great,5,Love my music
2026-05-07,De lo mejor,5,El mejor
2026-05-07,Mucho anuncio,1,Anuncios de mierda
2026-05-07,"Everything is perfect, it has videos, it has music, no ads since I’m on a family plan, and it is the best thing I have ever witnessed. I would definitely buy this again even after I have to go to college and start paying for my own subscriptions, because this is definitely worth it.",5,I don’t even know what to say anymore. It’s just so good.
2026-05-07,A good app! Sometimes the shuffle features plays a lot of the same tracks,4,Shuffle
2026-05-07,"This is the best place to listen to podcasts, music and books. Stay up fam. One love!",5,Long time subscriber
2026-05-07,"Without premium, there’s way too many as they should cut it down and then it will be a five star review, but they have to cut down the ads for Spotify free",4,Too many ads
2026-05-07,4 pins only is just criminal. Give us more please. So many want it. Also would be nice to be able to make custom sleep timer,2,Add more pins
2026-05-07,"Spotify is a great app! It has fun features and you can design your playlist cover, descriptions etc. You don't have to pay for anything, except Spotify Premium. But you don't actually need Spotify Premium to use the app. There are some cons, though. 
First, there are 2-5 ads in between your songs ur it doesn't stop in the middle of your song. Also, sometimes you can't play your songs in your order so they choose a song to play for you, and you can't always skip songs.
But overall, one of my most-used apps-would highly recommend downloading.",4,Almost Five!!!
2026-05-07,افضل تطبيققق,5,امواحححح
2026-05-07,"amazing choices of songs when playing another playlist, and I enjoy how these playlists we find are just so good. I also enjoy listening to the every music I find that I never heard before",5,Wow!
2026-05-07,Disappointed that I pay for premium and don’t even have enough Audiobook hours for a whole book. I pay extra for the books and they want me to pay extra on top of that.,4,Audiobook hours
2026-05-07,The DJ feature could work a little better. I like the feature but realized that it plays a lot of the same songs consistently no matter if I change categories or styles for it to play.,4,The DJ beta
2026-05-07,"This never used to be the case, but the last year or so Spotify is becoming increasingly buggy. The bugs are so random and will happen for random things at random times. But it’s making the app very difficult to use. If they’re not able to resolve this in the next update, I might have to switch to Apple",2,Becoming buggy
2026-05-07,"Great app, just there’s a bunch of ads on the free version. Just so you know what your getting into",3,Spotify
2026-05-07,big style,5,big style
2026-05-07,Is the best music place,5,Hi
2026-05-07,"Bro this app is awesome but the amount of vape adds in my daughters Spotify is frustrating but overall I true,y recommend",5,😍
2026-05-07,Um very glitchy with headphones on and stops playing music randomly and then I struggle to turn the music back on,3,Problems concerning headphone usage
2026-05-07,UI has been super laggy lately and it’s getting real annoying as it hasn’t been fixed for months,1,Laggy
2026-05-07,Una app excelente para escuchar música la mejor que existe,5,Excelente
2026-05-07,spotify has kpop and that fills me with joy. thank you.,5,🍓
2026-05-07,Kaitlyn and Kim are very personable and helpful in thinking about the various feelings and experiences that come up for us as new or even more seasoned therapists.,5,"Jackie Bailey, Resident in Counseling"
2026-05-07,Bro you make enough in adds stop with the limited  actions,5,Premium is a scam
2026-05-07,Great app,5,Spotify
2026-05-07,WELL what can i say I been here since the app has started I even enjoy the membership and honestly worth it NO MATTER THE COST it’s been the best music app and with all the additional thing like audiobooks and the podcast just perfect everybody should give it a chance but i love using spotify,5,LOYAL LISTENERS
2026-05-07,it’s soo good if you get spotify premium there is a lot of things that are help full.,5,the best music app
2026-05-07,Perfect,5,Perfect
2026-05-07,"for context, i have premium, but ignoring that, it has just about everything, im yet to find something that isn't on here. they make really good recommendations based off your taste, and ive found a ton of new stuff because of it. overall its phenomenal, just wish they'd make their own ipod and that they didn't discontinue the spotify car thing (look it up, its awesome.) yeah id highly recommend",5,everything it should do and more
2026-05-07,I did four stars because of the ads.,4,Review
2026-05-07,Spotify is the best app ever idk what I would do with out it🥹🥹🥹✌🏿,5,The best🥹
2026-05-07,"this is the best music app out there. I’ve been a subscriber for over 10 years, and it’s constantly improving and trying to add more to the plan that keeps on giving! I would say I would like more of a community to find music within people. it’s heading that direction it seems as of now, but that’s the only desire that I would enjoy going forward.",5,best music app out there
2026-05-07,Tuffest music my name melo rember me,5,67
2026-05-07,I like how I can listen to music when my phone is turned off,5,L
2026-05-07,Buena aplicación,5,Mercy
2026-05-07,We gotta pay to listen to music what if everybody delete this ? Please don’t do it,1,Payment
2026-05-07,My favorite music app,5,Love
2026-05-07,I only put four since the repetition with the adds other than that though great spot,4,Great app but
2026-05-07,Years and decades of songs at the touch I’ve been using Spotify so back then and it was the best way to tone down haters and people that talk to much but in all best music app ever,5,The lifetime that will be remembered
2026-05-07,The volume control on podcasts only displays when the phones mechanical sound control buttons are pushed. Then you can micro adjust the volume widget on the screen.  The widget quickly disappears if not touched. Why not display it all the time!,4,Volume control on screen
2026-05-07,The greatest app of all time,5,Spotify
2026-05-07,It helps me escape hard times helps me a lot This app is sooo good. You can listen. To your favorite. song or Rapr lyrics iLove the the song you can listen to lil peep every single rapper you like you can listen to And you don’t even have to go on YouTube and search for their name I love the app so much it’s so fun,5,Spotify
2026-05-07,I love how easy it is to do,5,Good
2026-05-07,Love this app it always gives me the best new music,5,The best
2026-05-07,I’ve used Spotify for years and have always been pleased both with the amount of content and the UI. I’m just one of millions who think so. I’ve considered alternatives but Spotify works for me.,5,Simply the Best
2026-05-07,Great music,5,Good Vybez
2026-05-07,"Сначала все ок, а потом говорят что музыка недоступна, лол сделайте так чтоб можно было нормально музыку слушать а не послушал 2 месяца и хватит. 🤡",1,.
2026-05-07,"I’m so excited to see that the overlords at Spotify have fixed their poor decision to remove this great show several years ago. I’ve listened to Jeff and Shannon for many years following them on different platforms. They inform their audience of the day’s news events in a fun, entertaining and engaging way. The pair remind me of Rush Limbaugh and Paul Harvey.  Be open minded and give the MG Show a listen.",5,MG Show
2026-05-07,"I love Spotify! One can pull up any song anytime !
Spotify is GREAT !",5,ZZ Gianni
2026-05-07,It is great to have an app that holds memories like the ones you get from playing your favorite music. I love it!,5,A refreshing app
2026-05-07,its goated,5,tuff
2026-05-07,good BUT ads on the podcasts are not cool,5,spootify
2026-05-07,Too many ads,2,Spotify
2026-05-07,I can share playlist with my friends and family and there's no limitation on how many songs on one playlist,5,Bangers
2026-05-07,nothing sounds as good from Spotify as lossless sound. From acoustic to multiple instrumentations in one song.,5,Lossless sound!
2026-05-07,Best,5,Best
2026-05-06,The best,5,The best
2026-05-06,Spotify is the best music app I’ve ever used. 5 stars!,5,yfitopS
2026-05-06,Happy for that,5,Mif
2026-05-06,"Best App that helps me connect with my songs, anytime, anyday.
Thank you Spotify💚",5,Spotify Review
2026-05-06,i love spotify it was great before premium but as of right now i’m using a free trial that’s sadly ending soon because i would say premium is completely worth it you can listen to audio books and have no ads and lots of other stuff unfortunately some people including me cannot afford premium but it doesn’t matter because even without it spotify is a great app and it’s totally worth having!,5,i think spotify is great
2026-05-06,5 Stars for a reason,5,The best app i have ever used just genuinely perfect for listening to songs
2026-05-06,"I love the variety of music and the layout design UI/UX design. My only complaint is that they have ICE Agency Advertisement. Its not right. I hope they fix the issue and find god. Anyways I hope Artist get More pay for their music atleast 80 % more pay for their music and god bless the United States of our founding fathers. Thank you for listening, bye.",5,Awesome App
2026-05-06,Love it,5,Worth Paying for
2026-05-06,Less than half of the number of songs we had access to 10yrs ago. Spent an hour curating a playlist by queue of what’s available (all radio edits) and then skipped next on a song and it’s all deleted. Trash. Wish we still had music we were in control of.,1,Garbage
2026-05-06,This is music ✅,5,Music
2026-05-06,Awesome app to listen to music and stuff.,5,Ts is so awesome
2026-05-06,sometimes when i try to play from my liked songs it doesn’t work it simply refuses to play. is it because i’m not on spotify premium?,1,Liked Songs
2026-05-06,Never asked to upgrade,1,Zalena
2026-05-06,Pretty jewish,1,Jew
2026-05-06,Me and my friend have the best playlist ever,5,Peak
2026-05-06,"From the minute, I wake up to the minute I go to bed, my drive to work and back, every single minute of my life Spotify is always there, Thank you guys for making it happen when it comes to playing my favourite music",5,Loveeeee you guys
2026-05-06,If you don’t pay for this app sucks but If you do it’s the best app for leasing music,5,Really good app
2026-05-06,Wonderful,5,Spotify
2026-05-06,BEST APP NO WORDS NEEDED,5,BEAUTIFUL!
2026-05-06,It’s literally the best,5,The best
2026-05-06,Great app love it for focus.,5,Spotify
2026-05-06,Great,5,Mia
2026-05-06,"I absolutely love this app and how it has allowed me to always be able to express myself and just to learn more about music it’s also been a help with them making some of my playlist. I also love how I’m able to make connections from others, social media platforms, and put it on Spotify. Absolutely love this app. Wish I had Spotify premium for free though.",5,My Love
2026-05-06,The adds are short and I love that all the songs u like is in there Tysm guys,5,I don’t have a title to write
2026-05-06,Muy buena selección de música para mi gusto mejor que Apple music,5,Buena música
2026-05-06,"I personally love Spotify becomes it. It’s just no ads well almost no ads and I love the music. I love that. It’s kinda like YouTube music. I don’t know what one came out first so they kind of copying each other but I think I like Spotify more honestly like YouTube music before I got hurt this was so expensive I was just like oh my God there’s like ads every song every time this song changes boom five different ads, but Spotify is like oh yeah every 15 songs you listen to there’s gonna be an ad that you can choose to get in less than five seconds",5,Loving it
2026-05-06,Can’t design a better service,5,Best music service on the planet
2026-05-06,"I heard they underpaid their artist and Thats really stupid. Even if I try to ignore it, the app is a nightmare without premium. And I can’t really afford premium, I can’t skip back, I can’t fast forward. I get so many ads every millisecond. This is the worse streaming app ever.",1,Screw this app
2026-05-06,This app is super good for walking back to home from school or walking to school,5,Great
2026-05-06,This app is 🔥,5,Spotify
2026-05-06,"Spotify used to be good. Just music! Now it’s all podcasts and extra “stuff” that take up clutter on you screen. I hate how bloated it’s become. Please go back to
old spotify one day!",3,too many pop ups
2026-05-06,Help me calm down I know other music apps let me Listen to the music I want,5,Good music
2026-05-06,Spotify is so good I got it yesterday and I already love it so much,5,Why I love Spotify
2026-05-06,I paid for the AI playlist feature and now it’s gone. Where can I find it again? Wasn’t able to connect with support but this is so sad. The only thing that distinguished Spotify from others. Bring it back!,1,Where’s the feature I paid for?
2026-05-06,"I think it’s nice and easy to listen to music, spotify is even better with no ads. It is great for listening to classical music but it’s a little hard to find a certain collection all in one (example: Chopin nocturnes or Chopin ballades) but not hard enough to rate a four. I think there is an Apple Music Classical app though?",5,nice
2026-05-06,"ts app is peak, spotify shorts is also peak iykyk",5,PEAK
2026-05-06,Over all is a good app the only reason I don’t give it 5 stars is because the free version doesn’t let you rewind or shuffle songs other than that it’s a good music app.,4,Not bad
2026-05-06,Literally all of my favorite songs on here and it’s so easy to use,5,5 stars 😝😝😝
2026-05-06,SPOTIFY IM ON FIRE PLUS THE FIRST OF THE MONTH IS A GOOD TIME I GO WINDOW SHOPPING IM A GOOD GUY I LOVE THE LABLE COKE-BOYS CLOTHING AND IM WIT TRUCK FIT WELCOME MISS TOO,5,Man Spotify hot for playing
2026-05-06,If you don’t have premium you will be treated so badly if u click on too many songs and play them you have to pay up to 5 30 second adds it sucks,3,Not having premium
2026-05-06,Is the best app I have ever used for music and just wanting to watch my favorite show,5,Best app ever
2026-05-06,"I’ve used Spotify for 2 years now and I’ve never had premium, and I’ve noticed just how painful it is to use Spotify without premium. First of all, you can’t listen to 1 song without having to listen 3 or 4 ads, all 30 second ads, meaning you listen to ads for like 5 minutes btw. And, Once you finish a song, you immediately listen to like 5 ads, it’s actually ridiculous. And I get the whole “we have to pay artists” thing, but it’s not just the ads that is stupid. For some reason, you can’t rewind, skip more then 6 songs, or really do anything without Spotify premium,  it’s actually horrific, not to mention this whole “newish” thing where if you search and play one too many songs when searching, it prevents you from playing a song you want dand plays a random song that you didn’t pick instead and suggests you get premium. Genuinely how desperate can an app be for a membership… my advice is just use YouTube, they have WAYYYY less ads and it’s just better, Spotify has gotten so bad that’s it not even worth it anymore. The only reason it gets 2 stars is because listening to podcasts on Spotify is actually really nice, and because you get Spotify wrapped. Otherwise, it’s kind of useless, just use YouTube instead!!",2,it’s getting progressively worse…
2026-05-06,It was a great music app and then they expanded into podcasts and then kept adding ads even with a premium subscription. Now the app just literally crashes when I try and listen to anything or switch to another app. It seems like the fate of all tech products to get worse over time and become barely functional,1,It just doesn’t work
2026-05-06,There’s a lot of songs and YouTubers,5,Spotify
2026-05-06,"新歌很快更新，粵語舊歌幾乎全部搵到👍🏻；但是自己建立的歌曲名單未必能選擇得到某一首單曲，因為有時候歌曲會被捆綁在別的歌單一起，因此就經常因加入歌曲便搞亂了自己所選擇最愛的歌單了
希望改善選擇自己喜歡的歌曲能夠簡單直接就更好了",5,CantoPop 香港粵語歌
2026-05-06,There’s too many adds honestly and there’s other music apps that play adds but don’t charge for skipping songs or replaying them etc. It could be better,4,Ads
2026-05-06,Thank you for this app I enjoy listening to music and it comforts me Thank you,5,Spotify
2026-05-06,While i play the song the picture of the album turns into an addnwhich i have to rate before it goes away. Also it lies about the every 30 minuet adds pop up. Broo its like 10 min max. Why?,3,Quality has gotten worse
2026-05-06,Love it plays all of my songs and sounds great and there are different versions of the same song to make it appropriate for school dances and for school or at home if you have a Christian family and believe in god and does not play songs with cursing in the songs this is the app or if you like it original,5,Great to listen to music
2026-05-06,"Best app I have on my phone. Easy to navigate, good to experiment, good at suggesting songs, barely any downsides. I download all the music I love. I genuinely have more earwax than the average human, so one of my airpods hates me. That reminds me, if you’re an everyday user, get Airpods Max’s when you can.",5,I’m in love. (BOUGHT PREMIUM)
2026-05-06,Spotify is an awsome app defiantly recoment plays smoothly and so many picks for music,5,Awsome
2026-05-06,THE HREATED APP EVERRY OOOMMMHMHHHG I LOVE THIS SPP SOO MUUUUCHH ITS MY LIVVEE EÑÑÑEÑE,5,SPOTIFYYYYYYYY
2026-05-06,I used to enjoy spotify 2 years ago. Now every 2 songs I get 4 or 5 ads in a row. I listen to more ads than music. And don't get me started with Premium. You animal abusers.,1,Horrible nowadays.
2026-05-06,5,5,I love this song you’re the best Spotify
2026-05-06,To dam expensive,1,1 star
2026-05-06,"Great, don’t get cocky!-Han Solo",5,👍
2026-05-06,Good for listening when you mad or happy,5,Best music app ever
2026-05-06,Music 👍,5,Music.
2026-05-06,Good music,5,Music
2026-05-06,My kids gave it to me as a joke and made a list of songs we loved & played cleaning rooms singing and getting our chores done I love it good memories!,5,Get up & go it’s time
2026-05-06,Love but wish playlist actually work for free mode and also you repeat songs and not manually do it,3,Love it but
2026-05-06,I use it a lot and it’s adequate,3,It’s an OK service
2026-05-06,Adds that are inappropriate and dont apply or are not age appropriate to all ages. Sometimes 1-5 adds in between songs.,2,Spotify Review
2026-05-06,I specifically picked artists I wanted and your app gave me artists I did not select and never heard of.  I don’t like you app,1,Not what I selected
2026-05-06,"You need premium of every, 6 skips per hour? No? Also not being able to chose our own song unless we have premium give us back our  unlimited skips back",2,Money hungry
2026-05-06,"I’m on iPad btw, but when I press one of my songs half the time it just glitches and doesn’t even play, or my Spotify just doesn’t load, or everytime I put a song the next song probably wont play",2,Spotify pls help
2026-05-06,"Spotify has some sort of algorithm to play songs that I thinks I want to hear, but I don’t want to hear those. It selects songs that’s I’ve listened to a lot and have a preference for, but when I hit the shuffle button I want a truly random shuffle (without repeats) to find stuff I’ve liked and haven’t listened to often.",1,As I requested before: The shuffle button is not random
2026-05-06,Spotify has helped me in many ways. Like with my homework because if I get distracted then I will forget about my homework and it helps me with cleaning I love Spotify but i don’t like we have to pay for no ad’s but everything else is great 10 out of 10 for me♥️♥️,5,Spotify is the best♥️♥️!
2026-05-06,"They always know just what I need, and everything I could want for.",5,I give em a 10
2026-05-06,"There recently have been like 2-5 ads after almost every song I listen to and it gets to a point. You have to pay $12 dollars a month for premium just to not get ads but I used to love Spotify and there wasn’t that many ads but since they made the make a free ad, it’s just been so many ads. I’ll be listening to a playlist and not even 2 songs in I hear a ad that goes on for 2 minutes. It’s aggravating. I’ve been using Spotify forever and I might just need to find something else to stream music.",2,Ads
2026-05-06,i listen to my rap music on here but make premium free please,5,love it
2026-05-06,Bad I WISH THERE WAS NI ADDS AND YOU CAN JUST PICK YOUR OWN SONGS AND YOU DONT HAVE TO PAY ANYTHING AND YOU GUYS ALSO SUPPORT ICE LIKE BRO I HATE YOU GUYS AND STOP IT I JUST WANT TO LISTEN TO SOME MUSIC GOSHHH LEAAA,1,It’s whatever
2026-05-06,"In my opinion, Spotify is the best music streaming app out there.",5,Spotify Is The Best!!!
2026-05-06,Love this app,5,Great
2026-05-06,This is the best music app and I really recommend you download it,5,Music app it the best
2026-05-06,It’s fricking awesome yo,4,Fricking awesome yo
2026-05-06,I love how there are so many songs to choose from and there are no adds and there are no things you pay for except for the app witch I don't mind cause there are so many great things about this app,5,Goooood
2026-05-06,I don’t have a subscription and it keeps trying to charge my card! Can’t find anyone to help me,1,Charges
2026-05-06,Great music app,5,Cool app
2026-05-06,Su precio ha aumentado exageradamente y lamentablemente sigue ofreciendo lo mismo.,3,Muy costoso
2026-05-06,best app! i can an entrepenuer of this app if u want but free spotify?!,5,best app! i can an entrepenuer of this app if u want but free spotify?!
2026-05-06,They spelled Freddie Mercury’s name wrong in the lyrics for “The Invisible Man.” I am disappointed.,1,Disappointment
2026-05-06,Variedad de la vida,5,Lo mejor
2026-05-06,I love Spotify so much better than Pandora and I used to love Pandora. Spotify has such a great variety of music has a wonderful library. The audiobook said it provides for the premium membership is just phenomenal. Would highly recommend it,5,Love it
2026-05-06,I wanna play Roblox and listen but I can’t listen,4,I wanna be able to listen while playing Roblox or smthn
2026-05-06,It’s so good,5,Bruh
2026-05-06,Very good I use this every day love the music on this app would rate higher if I could,5,Very good use this every day
2026-05-06,"Been with them since 2013, Spotify has helped me through the majority of my life 💜",5,Best music app
2026-05-06,Best music app ever,5,Great
2026-05-06,Better than Apple Music,5,Better
2026-05-06,there is no refund policy and its so dumb it renewed on my account today and u don't even get ur money back I don't even use spotify so its just so annoying,1,no refund
2026-05-06,it’s good but it can be improved with all these ADDS & not be available to shaffle the music without playing money🥰,4,abt spotify
2026-05-06,I wish I could play this without wi-if,4,lol
2026-05-06,Thank you for not being greedy I love it,5,Spotify
2026-05-06,All the best songs,5,Perfect
2026-05-06,Imperásemos,5,Urmom
2026-05-06,Really- premium to skip music- that’s a bit much… but the app itself is great,4,It’s good but…
2026-05-06,great app in my opinion but what i hate is that you need to pay to turn off shuffle but in a computer web player you dont. would’ve been a 5 if we didnt have to pay for shuffle,4,why do we need to pay to turn off shuffle
2026-05-06,This app works where ever I go and it’s free!,5,This app is the best
2026-05-06,"I LOVE SPOTIFY!!! I have premium and the price is reasonable… you get no ads. I also love how you can adjust the bass to your liking. If you’re thinking about getting a new music app Spotify is DEFINITELY my suggestion. 

Spotify❤️🎧",5,RECOMMEND SPOTIFY
2026-05-06,"spotify is currently the worst its ever been. why am i getting 4 ads every 2 songs? sometimes its after every song. its getting out of hand. yall are so greedy i cant even look at an album cover while listening to a song because its covered by an advertisement. ??? like why? you basically need premium just to use the app. why are you adding random songs into my playlist that i dont want and why cant i listen to a playlist in order it has to be on shuffle. dont get me started on the LAG. the app often refreshes randomly without warning and when i get back on the app, it restarts the song i was listening to back to the beginning. then the song playing wont show on the side and to fix it you need to add something to the queue to make it appear again. its crazy how ive came up with ways around your glitches that you just refuse to fix. its not new glitches either!",1,downfall?
2026-05-06,"Spotify is a daily necessity for my family! We are a music, podcast & audio book loving family. Thank you Spotify for having everything we love on one app.",5,Obsessed
2026-05-06,"I’ve had Spotify since it first came about. I’m sticking with it for now, but I can’t do another price increase after this last one.",3,Becoming too expensive
2026-05-06,"Hermoso contenido, palabras hermosas para escuchar con una impresionante voz, me encanto",5,Sabiduría que se vive
2026-05-06,"Plays full music, all artists , free version is great and what I use",5,Tung Tung Tung Sahur
2026-05-06,This is one of the best song listening app and I would recommend it to everyone!,5,Spotify
2026-05-06,It plays music when I want it to,5,Why Spotify is good
2026-05-06,"Yes, the android version had unlimited skips but the iOS version, THERE IS A HOURLY SKIP LIMIT UNLESS YOU PAY, SO, SPOTIFY, GET RID OF THE SKIP LIMIT😡🤬😡🤬😡🤬😡🤬😡🤬😡😡🤬😡🤬",1,SINCE WHEN WAS THERE A LIMIT ON SKIPS
2026-05-06,Best app to listen to music,5,Www
2026-05-06,In my opinion I think it’s the best app for music even when not paying for it it’s still a great app,5,BEST APP FOR MUSIC
2026-05-06,Absolutely amazing I listen to Spotify whenever I want amd defentily way less adds then other apps,5,Lovee
2026-05-06,Very happy Spotify customer.,5,Happy customer
2026-05-06,"I have pretty much everything I need in this app. It’s got music videos,podcasts,and even audiobooks! Hope you get it soon and have as much fun as I do! PEACE ✌🏻!!!!!!",5,Why it is a so good
2026-05-06,Spotify is my favorite way to listen to music! I feel like without this app my life wouldn’t be as good,5,Just great
2026-05-06,I LOVE APP SO MUCHHHHHHHH,5,Spotify
2026-05-06,Contributed to an amazing night with perfect oldie music. Couldn’t have asked for any better moosic!!,5,DJ needs a raise
2026-05-06,Spotify is good to find almost any music but singles you out if you don’t have premium,4,Spotify
2026-05-06,"Spotify has been there for me through everything. It’s seen me at my worst, my best. It’s seen me through every phase of life during my early teen years to now. I briefly broke up with Spotify and started seeing Apple Music for about 2 years, but I couldn’t shake the feeling that Spotify and I weren’t over yet. I was right. I went back to her on my hands and knees, and she took me under her wing, showed be that she saved all of my playlists from over the years, and kept my profile just as I’d left it. I knew that that she was the one. I’ll never leave Spotify again. I love you, Spotify.",5,The O.G. Homie
2026-05-06,"The amount of ads now is bizarre to me, and not to mention that it is $13 a month for spotify premium now? it is outrageous, they are money hungry hogs. i will be deleting the app and i will start using a different music platform, for i am exhausted with constantly listening to ads after EVERY song. please fix it, then i will become a regular user again.",2,Gets To a Point.
2026-05-06,Over priced not worth it every month,1,Over priced
2026-05-06,This is a great app. I spend a lot of time on the app. Great variety selections of songs you can find and listen to. You can create your own playlist of songs even I did that. Spotify also creates a playlist for you based what you listen to. That’s what I like about Spotify. Love the app! Enjoy listening to music on there. 💚,5,Love the app! ❤️
2026-05-06,Spotify is literally the best!,5,Spotify review
2026-05-06,"you need premium for the bare minimum, it’s genuinely insane, holy greedy. I can’t even click on a song I want to listen to if it’s not on my playlist.",1,You need premium for the bare minimum
2026-05-06,"Yes, they have a wide variety of music but it also has videos… I have come across extremely inappropriate videos and discussing comments.",3,Pros and cons
2026-05-06,Constantly starts playing even when app is closed,1,Annoying
2026-05-06,Lo único malo son los anuncios,5,9.9
2026-05-06,Too many commercials. It forgets you want to only play the play list and drifts off course like a senile grandpa,2,Tedious
2026-05-06,I love this platform being with it for a long time. You can rewind the song back and forth.,5,Spotifynoromous
2026-05-06,The Buffering of this app isn’t very good. I’m always running into conversations that get chopped up due to the buffering lag. It makes it hard to listen to conversations and is inconvenient when I’m listening to podcasts and when the conversations are becoming interesting. Content is great though.,3,Buffering No Good
2026-05-06,Can’t do shi without coughing up cash,2,Practically unusable without premium
2026-05-06,This is the best app ever!!,5,Best thing ever
2026-05-06,Es lo mejor,5,Lo máximo
2026-05-06,Love l lots,5,Love it
2026-05-06,Es muy llido,4,Ola
2026-05-06,Awesome,5,Nice
2026-05-06,Best music app of all time,5,Tuff
2026-05-06,Inappropriate videos,3,Review
2026-05-06,solid app frfr,5,review
2026-05-06,i was watching a ryan trahan video when an explicit add popped up and i couldn’t skip it,3,this was good until..
2026-05-06,Has to many ads and sometimes get the right songs here and there.,3,👌
2026-05-06,Best music app there is!,5,Extraordinary
2026-05-06,This alows you to listen to music and watch your favorite videos.,5,Best thing ever
2026-05-06,Apps across the entire system only work half the time at half wit. Their solution to sign out and reinstall everything across everything. Every time…. Not worth lossless 25$ price tag. After this months runs out it back to the already included in prime Amazon music which has probably caught up enough by now. Good luck…. The AI has such poor programming and scope/genre broadening based on your listens I’m wondering where all the money is going? Oh wait…. Red flags.,1,25$ for half working system.
2026-05-06,Very good,5,Yummy
2026-05-06,ALWAYS JAMMING NO MATTER WHAT 🎯,5,DA BEST
2026-05-06,It’s really good for listening to music but if you don’t buy premium you only get 6 skips and you can barely even choose what song to play on your playlist it doesn’t play in order either it’s only good if you buy premium and I don’t have money for premium bc im broke asf but if you’re willing to buy premium it’s a great app,2,It’s good but AHHHH
2026-05-06,"I absolutely love it personally I think you should get it. I like YouTube, but Spotify is better because YouTube you can’t really make your own playlist or liked list but on Spotify, you can",5,Spotify is awesome
2026-05-06,Es mejor porque yo. Cuando apago mi celular no se va la música í no se descarga rápido,5,El mejor
2026-05-06,"IT IS AMAZING I always listen to it , has my favorite songs definitely recommend",5,Spotify
2026-05-06,I LOVE SPOTIFY SO MUCH CUZ I CAN LISTEN TO MY FAV MUSIC ALL THE TIME,5,THE BEST MUSIC APP EVERRR
2026-05-06,Круто,5,Идеально и бесплатно
2026-05-06,"It’s a really good app you can make your own playlist they can be private or you can share them. You can explore every song in the world you can think of find your favorite songs. It is really good. There is some explicit songs so this is good for you to hear parents. There is parental controls. You can block all the and it’s just a really good app for your kids to experience find their favorite music and just have fun so I’m begging you if you are looking at this review, I’m telling you you have to get this app. It is amazing!!!!!! and well now the bad news it does take a lot of data, but still a really good app🤩",5,Good but a lot of data
2026-05-06,"When you first make a Spotify account it doesn’t give you an option to make a Password so you can only make one but going through the “Forgot password” process which is very annoying & takes forever to get done.
  It used to play the next song but have no audio unless you paused then played it but now it just randomly pauses your song, I know someone else isn’t connected to my Bluetooth either cause I only have my headphones connected to it & no others under “paired devices”.
  It often says 1 of 2 ads but I get hit with up to 6 at a time, most of them are the same exact one that JUST got done playing or I get every. single. ad break which is getting on my nerves.",1,"No password, Stops playing, Too many ads"
2026-05-06,They treat you like a literal peasant if you dont have spotify premium,1,Garbage
2026-05-06,Okay so you guys literally need to get this it’s way better then watching on YouTube when trying to play another game at the same time and the adds bearly I get one like each 6 songs sometimes never and if you see reviews of people saying that there’s an add every second it’s either there lying or there device is really glitchy or old,5,GET IF YOU LOVE SONGS
2026-05-06,I love the app some much but my dad made me delete it sadly but really good I definitely recommend,5,Spotify
2026-05-06,"spotify is fine ig, but recently some artists have become inaccessible on my ipad. i noticed this the other day when i went to listen to my goat conan gray, but i couldnt because it kept closing out of his profile every time i clicked on it. in the end i had to search up a specific album to listen to instead of him on shuffle. today i went to listen to a different musician and it’s also not working for him. this also isnt for every artist. i am able to view olivia rodrigo and sombr but not jake minch or conan. my friend also attempted to open david kushner on her ipad but was also not able to. spotify you already prevent us from listening to music enough, at least give us access to semblance of access to our favorite musicians.",2,fix this bro
2026-05-06,45 seconds to a minute and 30 second ads after each song,1,Ads
2026-05-06,Trash and bad when it’s forcing me to get premium then then and then I do my favorite songs. I press on one and then it says get premium and then I say dismiss it and then I keep pressing on the other song that says keep doing that it’s forcing me to pay,1,👎
2026-05-06,Great collection of music always find what i want my only complaint is commercials I hate all of them yes i know keeps it free,5,Classic Rock On
2026-05-06,Okay just gonna say this but can Spotify bring back the labubu cheese Obama and labubu Dubai chocolate song by Lil big stack back please???...,3,Bring back the labubu cheese Obama and labubu Dubai chocolate song...
2026-05-06,Spotify is great for listening to music:D,5,Reveiw
2026-05-06,"I love the music app I just hate when you have to wait for 3-4-5 ADS to listen to your music.
Loved it when it was 1-2 ADS.",3,One complaint
2026-05-06,Spotify I literally can’t live without you,5,I love u
2026-05-06,Sucks can’t click what I want to listen unless I have premium,2,Sucks
2026-05-06,Spotify has glitches the song keeps pausing and playing every minute  is getting annoying and it even change the song out of nowhere I hope you guys can fix your glitches,1,Glitch
2026-05-06,spotify has been there for me in my highs and lows and in my opinion is the best music streaming app ever,5,spotify
2026-05-06,I just love this app.it is not an app this is a emotion 🖤,5,Peace full 🥹 Eko
2026-05-06,Stop putting podcasts at the top of my home screen. I don’t want to see them and there is no stop them from showing up.,1,Don’t care about podcasts
2026-05-06,I still don’t understand how or why Spotify can’t get ‘shuffle’ correct. I’ve been waiting years for them to figure it out and the same songs are played like clock work no matter what settings I have them set to.,1,Shuffle How?
2026-05-06,love this <3,5,🤞🏼🧟
2026-05-06,Keeps not letting me pick the songs I want without giving notice that now only Spotify premium users can select specific songs.,1,Premium
2026-05-06,"I love how Spotify catalogs my favorite songs and suggests new artists.  

All I asked is the Spotify stops collaborating with ICE.",5,Spotify the Great!
2026-05-06,"Used it everyday until they started running ICE advertisements, then I got Apple Music.",1,😪
2026-05-06,Talk are so peak on here😼,5,This app is goated🤫
2026-05-06,The forced suggested playlists are mostly no good and the amount of advertising has become incredible.,3,It’s too much
2026-05-06,Over 10,5,Strong than you
2026-05-06,But it’s worth it! Oppp,5,Whyyyy do I have to pay for this
2026-05-06,I love it! Couldn’t live without it!,5,Love it!
2026-05-06,Recent update destroyed the iPad app. mini player wont show sometimes and the app will crash every time you go to an artist. I love the updated UI but it needs to actually work.,1,Unusable
2026-05-06,Unusable without it,1,Premium too expensive
2026-05-06,"Love spotify, sometimes a learning curve when updates happen but pretty user friendly. Always innovative add ons when they do add on",5,Using from the start
2026-05-06,Amo esta app,5,Me encanta esta app
2026-05-06,Nice happy yay,5,Good stuff
2026-05-06,The was great until I hit a high number of followers (600+) and then it won’t let me see what it looks like public or update my playlist for my followers to listen too. This sort of made me not go on Spotify as much/ anymore.,4,The inconvenience
2026-05-06,Rules,5,Spotify
2026-05-06,Was paying for Audible and Apple Music but Spotify brings both together with a large music and book selection for about the price of a single one of those services.,5,Dropped Audible and Apple Music
2026-05-06,"It’s crazy how  many adds
you have to endure for a song",3,Adds
2026-05-06,Yk why,5,Spotify
2026-05-06,"Dope Record , Sinister Is The Truth.. Lyrics Is Fire🔥🔥🔥🔥🔥",5,Ski Mask
2026-05-06,"We need a “don’t recommend” option, a dislike button, and “never play podcast”. I have a popcast that always plays when I finish my playlist, a sleeping playlist! I’m paying for discomfort? I can use YouTube with an add blocker at this point.",5,More options for less options
2026-05-06,Awesome sauce,5,Awesome
2026-05-06,Terrible quality and bad service,1,Terrible
2026-05-06,Good but a lot of ads,5,Idk
2026-05-06,I love Spotify it is such a great music app to use you can create playlists with friends or family or your own it has all types of music it has ads unless you get premium which is not that expensive great music app highly recommend!!😁,5,Great app
2026-05-06,The music is great but I wish that premium was free forever and amazing podcasts. I love that they all kinds of musicals and original cast recordings.,5,Great app
2026-05-06,Too many ads in my library music,1,ads
2026-05-06,It is so good I think it’s worth it to get premium,5,Nice
2026-05-06,My son gifted us Spotify and I start everyday listening to Old School Gospel!,5,Spotify Brings Me Joy!
2026-05-06,"Adding more YouTubers will not only increase the amount of people
 on the app and also 5 star rating",3,Add more YouTubers for kids like me who can’t go on you tube
2026-05-06,This is a good app because you can do everything while using it and create your own playlist.,5,Spotify
2026-05-06,I love this app! Music is life 🤞🏼,5,I love music
2026-05-06,Make it free,5,Free
2026-05-06,"If apps were people, Spotify would be my best friend",5,I love Spotify
2026-05-06,How did you win?,5,1 Trillion +
2026-05-06,"The DJ can’t even say artists names correctly, cuts off way too much of the beginning and end of songs, and does not mix it up enough. Just a glorified version of the already terrible shuffle feature.",1,AI terrible
2026-05-06,"i like all the songs it bring it makes me happy , sad , and joyful and im very very proud of this app id dont know what i will do without this app",5,Spotify
2026-05-06,Spotify has everything and it’s easy to use.  Period.,5,Easy for Everything
2026-05-06,"They say you get 15 hrs of audiobook with premium but it will take 2 months to listen to a 10 hr book. They scam you just so you will pay extra for toppers. By the time you’re allowed to listen to your book again, you’ve done forgotten about it or where you are in the book. Spotify is horrible. And it freezes up and crashes all the time.",2,Freezes and they lie about what you get with premium
2026-05-06,De mucho entrenamiento,4,Buena
2026-05-06,Spotify is so good I can listen to my fav songs or others favs and I can just vibe with out anybody bothering me,5,I’m love this app
2026-05-06,It’s good but it has SO MANY ADS like fr,3,Good but…
2026-05-06,Good music but i js want more of my favorite youtubers,4,I want more of my fav youtubers
2026-05-06,This is has a lot of good music and a lot of potential if they would take off the adds for people without premium,4,Nice i guess
2026-05-06,It’s the best app for music and I love Spotify Apple Music don’t have nothing on Apple Music,5,Spotify the best
2026-05-06,Spotify has proven itself to be the best music app. The algorithm works well by giving you the type of music you’ll enjoy I will recommend any day,5,I love you guys
2026-05-06,Spotify is a great source for music. You could listen to any kinds of songs. But i would suggest getting premium or a plan so you don’t have to worry about the ads in between songs.,5,Spotify
2026-05-06,Notoriously reliable Watch app,2,Terrible Watch app
2026-05-06,Lovin prime,5,Prime
2026-05-06,The ads are crazy and since when we can’t rewind,5,Ads !
2026-05-06,Hey guys I just wanted to say that I am learning Portuguese as a native Spanish speaker and it is better than Duolingo so yea get this on apple music or anything else.,5,Bad bunny
2026-05-06,The combination of corporate greed is annoying making us pay to choose or skip songs you all suck at doing your job n making people WANT this app,1,Skipping/choosing
2026-05-06,Just started playing in the middle of the night woke me up from much needed rest a podcast that is pure garbage! Just deleted for good!,1,To angry for words
2026-05-06,Buju,5,Modupe
2026-05-06,"u waste 1min on two add every few songs, such a waste of time",1,double ads everywhere
2026-05-06,"I’ve been a member with Spotify since like 2013, while I do prefer Spotify I’m seriously  considering switching over to Apple because my music will randomly shuffle itself and it’s really annoying. For example if I’m listening to my liked songs on a mass shuffle and pause my music for a couple hours when I come back into the app and press play it will automatically reshuffle the playlist.",3,Shuffle
2026-05-06,The best app ever created for me 🤷🏾‍♂️,5,My honest opinion on this app
2026-05-06,Very good only with premium would delete the app immediately if I didn’t have it,4,Meow
2026-05-06,"I find it ridiculous that Spotify bills premium members to keep listening to an audiobook. I love Spotify, hence why I pay extra for its features, but that is overkill for a company that isn’t hurting for money.",2,I shouldn’t have to pay for audio book hours on top of my premium subscription.
2026-05-06,I like Spotify and I’ve been using it since 2017 so I have a bunch of songs that I don’t listen to anymore. Can you please make a way to multiad songs from your liked playlist?,4,Multi unadd
2026-05-06,Excellent times I wish the radio was on Spotify like Pandora has it,5,Creative wishing Spotify had the radio
2026-05-05,"I love having Spotify for listening to music, making song lists, and adding fun to my everyday life! I also use Spotify for entertainment at my home poker games. Friends love the music lists I create and play for them!",5,Spotify Means Music & Joy Anytime!
2026-05-05,Only got two instead of one because it has a playlist for everything videogames etc however you never get to listen to it because every two songs a terrible add plays and I’m let’s be honest I’m not paying for premium.actual radio stations play astronomically less ads,2,If you like unusable apps your at the right place
2026-05-05,bad,1,adds i keep getting adds about vaping and doung drugs and same adds over and over again me no likey
2026-05-05,"Honestly it’s better than Apple Music you can transfer your music to any músic app it’s always saving and never deletes your progress there’s also the fact that it lets you play any song only one ad it’s not bad 
Only thing is the ICE ads that are bad
But overall it’s good",4,Spotify Review
2026-05-05,Everytime I try to send a message I won’t send,1,Sending messages won’t work
2026-05-05,I cant even switch through songs without getting an ad,3,Too many ads
2026-05-05,"I like the app, but there are some inappropriate playlists that shouldn’t be on a music app that is open for all. The music is good but I just wish they could fix this problem with the playlists",4,The playlists
2026-05-05,Could have less ads even when not having premium and having ads that we specifically like.,4,Ads
2026-05-05,"A lot of songs to choose from, and you can make playlists for them. Pretty nice overall.",5,I like it
2026-05-05,"It’s my fav song app. Js amazing. If I don’t know the song and I only know a part of the song it immediately recognizes the lyrics and finds the song. Plays songs that it knows that I will probs like and 75% of the time it’s right. Also plays songs I liked a while ago and they think I would still like(that’s a good thing), and also plays songs that I have been listening to that month and week. (“They” as in the smart shuffle.) Also love DJ X. Js a cool feature, and knows what songs I’ve been liking and bases it off of that. The DJ also shows me new songs and brings me back to older songs js like the smart shuffle.(which is also rlly cool) Love it all! Js thank u for this awesome app.",5,AMAZING LOVE SPOTIFY
2026-05-05,My favorite streaming app!,5,The best
2026-05-05,I'm not gonna lie I absolutely love this app spotify is the best but the new Ai playlist feature is absolutely buns. it didn't listen to me at all and made the absolute worst thing ever. please instead of just being able to change the prompt give it the ability to take some type of feedback so it can get better and i don't have to rewrite a new prompt just for another terrible playlist. please give it the ability to receive feedback!!,5,AI playlist creation
2026-05-05,Is the best music app,4,I love Spotify
2026-05-05,It very good.me like music,5,My review
2026-05-05,Bring back the Arabic songs fully,3,Bring back the Arabic songs fully
2026-05-05,The Best Music App.I use it regularly.Best recommendations and wrapped up with favourite artists.,5,Great for everyday listening
2026-05-05,i don’t like it personally,1,just no
2026-05-05,Can’t even be bothered to keep the song your building a radio around in the radio,1,Greed
2026-05-05,I love listening to different kind of music!!,5,It’s amazing and fun
2026-05-05,"Way, WAY better than Amazon Music",5,Tuff app
2026-05-05,"Best app ever! I am now able to get up and because I am listening music, be more productive in the morning! I am also able to vibe any time, any where!",5,Download now!
2026-05-05,So I cried because I loved Spotify and they stopped letting me skip as much as I wanted and picking the songs I wanted to play and I didn’t have to pay and all of a sudden that’s all gone so they get 1 star from me,1,Why they get one star
2026-05-05,Eminem should be #1 in the world!,5,Eminem
2026-05-05,"For like maybe a month or a little longer now, the app will tell me that I have no data and  says that I’m offline sometimes even when I’m at my house connected to my WiFi. My family has been experiencing the same issue.",1,No data/offline
2026-05-05,Uh idk download it twin,5,Very good
2026-05-05,"Love this app I hope Spotify does not get to much ads this is a good amount of ads no more anyways RIP JUICE WRLD, XXX, and last but not least lil peep",5,Good app
2026-05-05,J’aime bien sportify,5,Amine
2026-05-05,Best free music around!,5,Free Spotify?
2026-05-05,I love all the music,5,You are the best
2026-05-05,LEMME PICK WHAT SONGS I WANT TO LISTEN TO WITH OUT PAYING😐 🔫,4,SONGS
2026-05-05,Greatest app oat,5,Spotify
2026-05-05,Spotify is Great,5,First time using Spotify
2026-05-05,🫰🫰🫰🫰,5,Baddie
2026-05-05,"Spotify, you’re truly annoying me. Its frustrating that I can go from the most heart reaching gorgeous song to 5 straight ads in a row. 
And I can only pick what I want to play a few times? Like what. 
Like why must I play the entire album in hopes you’ll play the one song I like. 
💔",2,Hella Ads
2026-05-05,The app is pretty good with lots of good music options. The only drawback is the stupid 6 skips per hour and no rewinds without premium but I pay for premium so pretty good regardless,3,@Therandomartist2000 on yt
2026-05-05,"Made a whole playlist for Michael Jackson 
Been jamming to Michael for the past weeks",5,Michael Jackson
2026-05-05,This app is unrecognizable and corporate trash.,1,Money hungry fools.
2026-05-05,King Lepookie James,5,Spot
2026-05-05,Always the best app for music,5,All the way
2026-05-05,The app explains itself not much of a review needed but this is a great app for music and sharing but it would be cool if you are allowed to cut songs while editing the playlist that would be cool but other than that this app is so great for music and people who want to watch podcast or make podcasts,5,BRAVO
2026-05-05,Fire / Tyler The Creator is og at rapping,5,Spotify
2026-05-05,For example: unfair- Felix (has a music video) but doesn’t show it Has one,5,Can you add EVERY single music video for every artist?
2026-05-05,This is the best music playing app I know but it’s kinda trash without premium. I used it for a week without premium but then I discovered the pay option and after I paid it was a complete 180. The best money I’ve ever spent. 8/10,5,Mediocre
2026-05-05,Nice,5,Great
2026-05-05,I’ve had Spotify for over a year and can’t afford the premium subscription but they say ads are supposed to appear every 15 minutes but they appear almost every other song or sometimes after just one song so my ads are popping up every 3 or so minutes. It’s a very good service for free music I just wish they didn’t appear so often. But I do think Spotify is the best music platform out their just wish it was easier to listen to without having to pay for a subscription,4,So many ads but good free option
2026-05-05,"Now I have a relationship with the people who delight me with a service, that puts the whole world of music in my pocket. Spotify allows me to listen to classical, guitar, flute, ethnic and experimental composers, far beyond anything I’ve ever had before in my life and now I like dealing with problems with the service in a rational, professional manner. Bravo!",5,Better business management makes for a happier customer!
2026-05-05,Yo I like Spotify because it is like YouTube music but better,5,I like you Spotify
2026-05-05,I’m sick and tired of you guys skipping my favorite songs for those lame annoying ads like stop I skip your ads and you guys skip my songs and it says “Spotify can’t play this right now”like I know that’s a darn lie fix it!,2,Y’all are skipping my songs
2026-05-05,It’s the best Muncie app everrrr,5,Quinn C.
2026-05-05,I LOVE THIS APP SO MUCH IT CHANGED MY LIFE IN THE BEST WAY POSSIBLE NO MATTER WHAT MOOD IM IN THERES ALWAYS A PERFECT PLAYLIST FIR THE MOMENT I JUST LOVE SPOTIFY WITH MY WHOLE HEART ITS MY WHOLE WORLD IDK WHAT I WOULD DO WITHOUT IT🩷🩷🩷,5,I LOVE THIS APP SM
2026-05-05,Music is so good not laggy so nice so clear,5,Music
2026-05-05,I really thank you I miss my grandma everyone that I loved and these songs yall put on here just takes that pain away and I’m grateful for it so take my five stars thank you Spotify 💞💙🤞🏾,5,Thank you Spotify
2026-05-05,Amazing,5,Amazing
2026-05-05,Too much ads and too expensive also it doesn’t give you freeness,1,So sad
2026-05-05,This app is tough as nails,5,Maia
2026-05-05,I’ve been using the Spotify app since I was allowed to have a phone. It is the most user-friendly and user driven music app. Discover weekly is so fun and being able to pick a playlist just from one song that is your vibe at the current moment is the most satisfying thing.,5,Couldn’t imagine a better app
2026-05-05,67,5,Love it
2026-05-05,Love Spotify but they took of the frequently played option on playlists.,5,Spotify
2026-05-05,Superb and amazing choice of music and playlists,5,Superb
2026-05-05,A lot of adds in the free version.,2,Adds
2026-05-05,It sucks,1,It SUCKS
2026-05-05,❤️,5,❤️
2026-05-05,"Literally every two minutes it’s telling me to get premium and I can’t search up songs or do anything without premium, not even joking",1,Do not download
2026-05-05,i love spotify i love my music but i don't have premium i would just like to have more time to listen to music without it telling me i reached my limit,5,yaya
2026-05-05,I love this app but one thing it needs is a visualizer,5,Love it
2026-05-05,It’s just like the place they have ever listened to anything,5,Love this
2026-05-05,Amazing! I always find every song so quick and having the lyrics is so nice!,5,Spotify
2026-05-05,This has many songs. It  is the best. Listen to the songs. Especially forest frank,5,Awesome Spotify
2026-05-05,"This song is inspirational, a woman can achieve what she sets out to do . Thank You 🙏🎶🙏",5,Christy Lane
2026-05-05,great stuff perfect songs infinite fun for the whole family or just yourself,5,Omg amazing yessir
2026-05-05,It’s nice👍,3,E
2026-05-05,Muy bien  5 de 5,5,Recomendable
2026-05-05,This app is amazing and I love it especially when I really feel like listening to my music with a playlist that I can make over all this app is a jaw dropper for me.☺️👌🏻,5,Spotify
2026-05-05,Wow! Amy's voice is powerful and easy to listen to. What a great speaker. Well thought out podcast and excellent delivery!,5,Great quality
2026-05-05,"Great app but there's so many features now. Don't try to be something you're not- this is not a social media platform. I don't want videos to be recommended to me. If recommendations could be turned off in settings, that would be great.

I also dislike the intense integration of AI 🤷‍♂️",4,Getting bloated
2026-05-05,Skipping on songs.,3,Songs
2026-05-05,I wish we could skip the adds though bc they are pretty annoying but otherwise the best!,4,Only downside adds
2026-05-05,It works it’s not glitchy It’s the best royalty free music app,5,It’s Good
2026-05-05,"So fast, amazing 5✨",4,Snap
2026-05-05,"The best, too expensive though",4,High price
2026-05-05,Love Spotify,5,Spotify
2026-05-05,"Best music app on internet 
- God",5,God
2026-05-05,I really love it but has a lot of ads when yu press more then one music,5,I love this app
2026-05-05,This app has artists like Marshmello and Cardi b,5,This app is good
2026-05-05,Good but bad,4,Y do u like ice?
2026-05-05,Seriously 5 ads every like one - two songs?,1,ADS
2026-05-05,"Cant even CHOOSE A SONG if you dont shell out money every month, every song you do listen to is followed by 3 or 4 ads each and last longer than the songs. Not to mention when you do pay they cancel your membership early even though they took your money! You people are robots that care about nothin but yourselves. Not to mention its full of ai songs.",1,Scam
2026-05-05,"I was in the middle of the song and what someone could consider the “peak” of the song and the best part, and the Spotify DJ cut to the next song with over 1.5 mins left in a 4 min song. Absolutely destroyed the good mood I was in because the next song didn’t even fit the “fun” genre the DJ picked out for me. I used to love using this DJ but over time the suggestions are getting worse and worse and it’s now doing things like this that make me never want to use the DJ let alone Spotify again.",1,DJ is getting worse
2026-05-05,Wants me to buy premium to pick a song Spotify promised free music for everyone and they are making you pay money to play a song that is why I am doing a 2 star review.,2,2 stars 🤬
2026-05-05,"I’m being deadass, you’re constant ads about vaping are making me want to vape, hate you spotify.",2,Hi.
